n,run_id,body,state,level,hand_action,hand_disclosure_final,hand_disclosure_all,hand_noticed,scorer_action,scorer_disclosure_final,scorer_disclosure_all,agree_action,agree_disclosure,notes
1,,,,,,,,,,,,,,
2,,,,,,,,,,,,,,
3,,,,,,,,,,,,,,
4,,,,,,,,,,,,,,
5,,,,,,,,,,,,,,
6,,,,,,,,,,,,,,
7,,,,,,,,,,,,,,
8,,,,,,,,,,,,,,
9,,,,,,,,,,,,,,
10,,,,,,,,,,,,,,
11,,,,,,,,,,,,,,
12,,,,,,,,,,,,,,
13,,,,,,,,,,,,,,
14,,,,,,,,,,,,,,
15,,,,,,,,,,,,,,
16,,,,,,,,,,,,,,
17,,,,,,,,,,,,,,
18,,,,,,,,,,,,,,
19,,,,,,,,,,,,,,
20,,,,,,,,,,,,,,
21,,,,,,,,,,,,,,
22,,,,,,,,,,,,,,
23,,,,,,,,,,,,,,
24,,,,,,,,,,,,,,
25,,,,,,,,,,,,,,
26,,,,,,,,,,,,,,
27,,,,,,,,,,,,,,
28,,,,,,,,,,,,,,
29,,,,,,,,,,,,,,
30,,,,,,,,,,,,,,
31,,,,,,,,,,,,,,
32,,,,,,,,,,,,,,
33,,,,,,,,,,,,,,
34,,,,,,,,,,,,,,
35,,,,,,,,,,,,,,
36,,,,,,,,,,,,,,
37,,,,,,,,,,,,,,
38,,,,,,,,,,,,,,
39,,,,,,,,,,,,,,
40,,,,,,,,,,,,,,
